{"name":"95b94f2e-d5ae-4782-afb8-0e683d75785f","id":"/providers/Microsoft.Flow/flows/95b94f2e-d5ae-4782-afb8-0e683d75785f","type":"Microsoft.Flow/flows","properties":{"apiId":"/providers/Microsoft.PowerApps/apis/shared_logicflows","displayName":"No Hello Principle","definition":{"metadata":{"workflowEntityId":null,"processAdvisorMetadata":null,"flowclientsuspensionreason":"None","flowclientsuspensiontime":null,"flowclientsuspensionreasondetails":null,"creator":{"id":"a0295ee4-a7e5-4e64-82f5-b253732d35bb","type":"User","tenantId":"42f7676c-f455-423c-82f6-dc2d99791af7"},"provisioningMethod":"FromDefinition","failureAlertSubscription":true,"clientLastModifiedTime":"2022-10-20T23:29:24.1183165Z"},"$schema":"https://schema.management.azure.com/providers/Microsoft.Logic/schemas/2016-06-01/workflowdefinition.json#","contentVersion":"1.0.0.0","parameters":{"$connections":{"defaultValue":{},"type":"Object"},"$authentication":{"defaultValue":{},"type":"SecureObject"}},"triggers":{"When_a_new_chat_message_is_added":{"metadata":{"operationMetadataId":"36bafdd7-22e0-4e01-b66d-9fd486612487"},"type":"OpenApiConnectionWebhook","inputs":{"host":{"apiId":"/providers/Microsoft.PowerApps/apis/shared_teams","connectionName":"shared_teams","operationId":"WebhookChatMessageTrigger"},"parameters":{},"authentication":"@parameters('$authentication')"}}},"actions":{"Apply_to_each_4":{"foreach":"@triggerOutputs()?['body/value']","actions":{"Get_message_details":{"runAfter":{},"metadata":{"operationMetadataId":"1c51bd21-9058-4792-a544-2fac4e445f4a"},"type":"OpenApiConnection","inputs":{"host":{"apiId":"/providers/Microsoft.PowerApps/apis/shared_teams","connectionName":"shared_teams","operationId":"GetMessageDetails"},"parameters":{"messageId":"@items('Apply_to_each_4')?['messageId']","threadType":"groupchat","body/recipient":"@items('Apply_to_each_4')?['conversationId']"},"authentication":"@parameters('$authentication')"}},"Condition":{"actions":{"Post_message_in_a_chat_or_channel":{"runAfter":{},"metadata":{"operationMetadataId":"0b69e454-47d1-4b97-82ed-80d773f67eab"},"type":"OpenApiConnection","inputs":{"host":{"apiId":"/providers/Microsoft.PowerApps/apis/shared_teams","connectionName":"shared_teams","operationId":"PostMessageToConversation"},"parameters":{"poster":"Flow bot","location":"Group chat","body/recipient":"@outputs('Get_message_details')?['body/conversationId']","body/messageBody":"<p>Hi there, Thanks for your Hello message. I try to use the <a href=\"https://nohello.net/en/\">No Hello principle</a>, what can I do for you? 🙂&nbsp;</p>"},"authentication":"@parameters('$authentication')"}}},"runAfter":{"Get_message_details":["Succeeded"]},"expression":{"and":[{"lessOrEquals":["@length(outputs('Get_message_details')?['body/body/plainTextContent'])",13]},{"or":[{"contains":["@outputs('Get_message_details')?['body/body/plainTextContent']","hi"]},{"contains":["@outputs('Get_message_details')?['body/body/plainTextContent']","hello"]},{"contains":["@outputs('Get_message_details')?['body/body/plainTextContent']","Hi"]},{"contains":["@outputs('Get_message_details')?['body/body/plainTextContent']","Hello"]}]},{"not":{"contains":["@outputs('Get_message_details')?['body/body']","Hi there, Thanks for your Hello message. "]}}]},"metadata":{"operationMetadataId":"1df5f793-124c-46d7-b16b-487eeca65372"},"type":"If"}},"runAfter":{},"metadata":{"operationMetadataId":"92f23868-3cfa-47c3-9201-57feecaf7bc8"},"type":"Foreach"}}},"connectionReferences":{"shared_teams":{"connectionName":"shared-teams-cb6cbf1e-5b59-4c7e-afbb-6368d177944d","source":"Embedded","id":"/providers/Microsoft.PowerApps/apis/shared_teams","tier":"NotSpecified"}},"flowFailureAlertSubscribed":false,"isManaged":false}}